"Name","Description","Lat","Lon"
8,"ATM Autoservicio Yaque (Abastece Oficina) (ATM DEPOSITOS 2 MODULOS)",19.45967865,-70.69283295
14,"ATM Aeropuerto Las Américas",18.43042541,-69.67662525
23,"ATM Oficina México (Abastece Oficina)",18.478424,-69.890595
26,"ATM S/M Jumbo San Isidro (Reserva Zona Metro)",18.488626,-69.832211
35,"ATM Dirección General de Aduanas I (Reserva Zona Metro)",18.481851,-69.939099
39,"ATM Oficina Ovando (Abastece Oficina)",18.466795,"-69.913270"
43,"ATM Zona Franca San Isidro (Reserva Zona Metro)",18.49853516,-69.79140472
64,"ATM COOPALINA Cotuí (Brig. San Francisco)",19.187623,-70.207845
79,"ATM UNP Luperón Puerto Plata",19.889216,-70.96374
117,"ATM Autoservicio Oficina El Seibo (Abastece Oficina) (ATM DEPOSITOS 2 MODULOS)",18.764055,-69.036475
119,"ATM Oficina La Barranquita (Abastece Oficina)",19.440154,-70.722761
121,"ATM Oficina Bayaguana (Abastece Oficina)",18.751577,-69.636403
129,"ATM Multicentro La Sirena (Brig. Santiago)",19.45119476,-70.70468903
137,"ATM Oficina Nizao (Abastece Oficina)",18.245847,-70.20915
139,"ATM Oficina Plaza Lama Zona Oriental I (Reserva Zona Metro)",18.519437,-69.837274
149,"ATM Metro de SD concepción Bona (Reserva Zona Metro)",18.50554,-69.857812
165,"ATM Autoservicio Megacentro (Reserva Zona Metro)(ATM DEPOSITOS 2 MODULOS)",18.50785637,-69.85578918
172,"ATM UNP Guaucí (Brig. La Vega)",19.420249,-70.494867
182,"ATM Barahona Comb (Reserva Zona Sur)",18.206939,-71.09269
193,"ATM Promese Cal",18.46058156,-69.95517158
211,"ATM Oficina La Romana I (Abastece Oficina)",18.425372,-68.967755
231,"ATM Autoservicio Oficina Zona Oriental (Abastece Oficina) (ATM DEPOSITOS 2 MODULOS)",18.511903,-69.847628
235,"ATM Multicentro La Sirena San Isidro (Reserva Zona Metro)",18.485413,-69.840392
239,"ATM Autobanco Charles de Gaulle",18.504019,-69.826861
240,"ATM Oficina Carrefour I (Reserva Zona Metro)",18.48808,-69.978309
241,"ATM Palacio Nacional Presidencia (Reserva Zona Metro)",18.474534,-69.897759
264,"ATM S/M Nacional Independencia (Reserva Zona Metro)",18.431711,-69.9702
272,"ATM Cámara de Diputados (Reserva Zona Metro)",18.449545,-69.925706
277,"ATM Autoservicio Duarte Santiago (Abastece Oficina)",19.457688,-70.66944
281,"ATM S/M Pola Independencia (Reserva Zona Metro)",18.435778,-69.958101
294,"ATM Plaza Zaglul San Pedro II (Reserva Zona Este)",18.453095,-69.307593
307,"ATM Autoservicio Oficina Nagua II (Abastece Oficina) (ATM DEPOSITOS 2 MODULOS)",19.376718,-69.849558
321,"ATM Oficina Jiménez Moya I (Reserva Zona Metro)",18.454538,-69.9303
325,"ATM Casa Edwin (Reserva Zona Metro)",18.526841,-69.814081
330,"ATM Autoservicio Oficina Boulevard Higuey (Abastece Oficina) (ATM DEPOSITOS 2 MODULOS)",18.612209,-68.714742
346,"ATM Ministerio de Industria y Comercio (Reserva Zona Metro)",18.500193,-69.888473
347,"ATM Oficina Patio de Colombia (Abastece Oficina)",18.507788,-69.984291
355,"ATM Autoservicio Metro II (Reserva Zona Metro)",18.481441,-69.914676
366,"ATM Oficina Boulevard II Higuey (Abastece Ofiicina)",19.40443,-69.8497
367,"ATM Ayuntamiento El Puerto",18.762924,-69.469806
388,"ATM Multicentro La Sirena Puerto Plata (Brig. Puerto Plata)",19.795853,-70.684797
390,"ATM Oficina Boca Chica II (Abastece Oficina)",18.44845,-69.606449
496,"ATM Multicentro La Sirena Bonao (Brig. La Vega)",18.94237,-70.396859
498,"ATM Estación Sunix 27 de Febrero (Reserva Zona Metro)",18.468413,-69.924211
499,"ATM Estación Sunix Tiradentes (Reserva Zona Metro)",18.47174454,-69.92562103
501,"ATM UNP La Canela (Abastece Oficina)",19.472614,-70.815806
504,"ATM Oficina Plaza Moderna (Abastece Oficina)",18.498976,-69.787166
511,"ATM UNP Río San Juan Nagua",19.644741,-70.075036
512,"ATM Plaza Jesus Ferreira Municipio Guerra (Provincia Santo Domingo) (Reserva Zona Metro)",18.557709,-69.70116
515,"ATM Oficina Agora Mall I (Reserva Zona Metro)",18.483757,-69.939851
517,"ATM Autobanco Oficina Sans Soucí (Reserva Zona Metro)",18.475265,-69.87551
532,"ATM UNP Guanábano Moca (Brig. La Vega)",19.344678,-70.484373
549,"ATM Ministerio de Turismo (Reserva Zona Metro)",18.47658348,-69.89767456
562,"ATM S/M Jumbo Carretera Mella (Reserva Zona Metro)",18.521325,-69.832797
564,"ATM Ministerio de Agricultura (Reserva Zona Metro)",18.48379326,-69.95215607
573,"ATM IDSS (Reserva Zona Metro)",18.48584366,-69.92521667
576,"ATM Oficina Nizao II (Abastece Oficina)",18.245847,-70.209152
579,"ATM Estación Sunix Down Town (Reserva Zona Este)",18.635151,-68.396851
580,"ATM Edificio Propagas (Reserva Zona Metro)",18.544886,-69.952767
592,"ATM Centro de Caja San Cristóbal I (Reserva Zona Metro)",18.416935,-70.111453
594,"ATM Plaza Venezuela II (Brig. Santiago)",19.485804,-70.711784
595,"ATM S/M Central I (Brig. Santiago)",19.460539,-70.687055
610,"ATM EDEESTE (Reserva Zona Metro)",18.498305,-69.865681
623,"ATM Operaciones Especiales (Reserva Zona Metro)",18.478978,-70.012501
628,"ATM Autobanco San Isidro Fuerza Aérea",18.525734,-69.772591
634,"ATM PBG Ayuntamiento Los Llanos San Pedro de Macorís (Reserva Zona Este)",18.620557,-69.495492
637,"ATM UNP Monción (Abastece Oficina)",19.410803,-71.150809
638,"ATM Oficina S/M Yoma",19.299317,-70.253166
639,"ATM Comisión Militar y Policial (Reserva Zona Metro)",18.474756,-69.907622
680,"ATM Hotel Royalton I (Reserva Zona Este)",18.732933,-68.468732
681,"ATM Hotel Royalton II (Reserva Zona Este)",18.732933,-68.468732
686,"ATM Autoservicio Oficina Máximo Gómez (Abastece Oficina) (ATM DEPOSITOS 1 MODULO)",18.460819,-69.908145
742,"ATM Oficina Plaza Orense (La Romana)",18.44749,-68.971539
755,"ATM Oficina Galería del Este",18.499414,-69.852952
815,"ATM Oficina Atalaya del Mar (Reserva Zona Metro)",18.429157,-69.981068
818,"ATM Jurisdicción Inmobiliaria (Reserva Zona Metro)",18.451199,-69.928401
820,"ATM Estadio Quisquella",18.492334,-69.851218
829,"ATM Autoservicio Multicentro La Sirena Baní (Abastece Oficina) (ATM DEPOSITOS 2 MODULOS)",18.280484,-70.34091
838,"ATM UNP Consuelo (Reserva Zona Este)",18.556651,-69.299732
842,"ATM Plaza Orense II La Romana (Reserva Zona Este)",18.424976,-68.966412
843,"ATM Oficina Romana Centro (Reserva Zona Este)",18.53531,-69.992669
858,"ATM Cooperativa Maestros COOPNAMA (Reserva Zona Metro)",18.48004,-69.911877
859,"ATM Hotel Vista Sol Punta Cana (Reserva Zona Este)",18.689213,-68.422087
909,"ATM UNP UASD (Reserva Zona Metro)",18.459746,-69.917903
946,"ATM Autoservicio Oficina Nuñez de Caceres I (Abastece Oficina) (ATM DEPOSITOS 2 MODULOS)",18.459552,-69.957566
957,"ATM Oficina Venezuela (Abastece Oficina)",18.496966,-69.868772
963,"ATM Oficina Multiplaza La Romana",18.433064,-68.993495
965,"ATM S/M La Fuente FUN (Abastece Oficina)",19.43043,-70.690449
967,"ATM Hiper Olé Aut. Duarte II (Reserva Zona Metro)",18.533675,-70.011964
968,"ATM UNP El Mercado Baní (Abastece Oficina)",18.280172,-70.337828
973,"ATM Oficina Sabana de la Mar (Abastece Oficiina)",19.064795,-69.384598
994,"ATM Telemicro (Reservas Zona Metro)",18.471081,-69.893169
2,"ATM Autoservicio Padre Castellanos (Abastece Oficina) (ATM DEPOSITOS 2 MODULOS)",18.46188354,-69.93611145
4,"ATM Ave. Rivas (Brig. La Vega)",19.225075,-70.513438
6,"ATM Plaza Wao San Juan",18.807712,-71.22507
9,"ATM Hispaniola Fresh Fruit",19.734243,-71.420071
12,"ATM Comercial Ganadera San Isidro (Reserva Zona Metro)",18.491849,-69.816399
13,"ATM CDEEE (Reserva Zona Metro)",18.45021629,-69.92855072
16,"ATM Texaco Sabana de la Mar",19.049709,-69.38838
19,"ATM Ofic. Anthonys Luperon",18.4602733,-69.9689401
22,"ATM S/M Olímpico (Brig. Santiago)",19.436201,-70.688485
24,"ATM Oficina Eusebio Manzueta (Abastece Oficina)",18.486482,-69.902376
31,"ATM Oficina San Martín I (Reservas Zona Metro)",18.482723,-69.909148
32,"ATM Oficina San Martín II (Reserva Zona Metro)",18.482775,-69.909124
33,"ATM UNP Juan de Herrera (Abastece Oficina)",18.87262,-71.239052
40,"ATM Oficina El Puñal",19.40295219,-70.60344696
45,"ATM Oficina Tamayo (Reserva Zona Sur)",18.393711,-71.20535
50,"ATM Oficina Padre Las Casas Azua (Abastece Oficina)",18.734779,-70.942644
52,"ATM Autoservicio Oficina Jarabacoa (Abastece Oficina) (ATM DEPOSITOS 2 MODULOS)",19.121823,-70.641971
57,"ATM Oficina Malecon Center (Reserva Zona Metro)",18.4583,-69.908775
62,"ATM Oficina Dajabón (Abastece Oficina)",19.549589,-71.706429
63,"ATM Oficina Villa Vásquez Montecristi (Abastece Oficina)",19.73769,-71.447949
67,"ATM Hotel Natural Park Punta Cana (Reserva Zona Este)",18.652009,-68.366389
68,"ATM Hotel Nickelodeon Punta Cana (Reserva Zona Este)",18.800957,-68.576482
70,"ATM Autoservicio Plaza Lama Zona Oriental (Reserva Zona Metro)(ATM DEPOSITOS 1 MODULO)",18.519009,-69.837133
75,"ATM Oficina Gaspar Hernández (Abastece Oficina)",19.625352,-70.277762
77,"ATM Oficina Cruce de Imbert (Abastece Oficina)",19.755883,-70.832843
78,"ATM Hotel Nickelodeon II Punta Cana (Reserva Zona Este)",18.800957,-68.576486
85,"ATM Oficina San Isidro Fuerza Aérea (Abastece Oficina)",18.525733,-69.772619
87,"ATM Autoservicio Oficina Sarasota (Reserva Zona Metro) (ATM DEPOSITOS 1 MODULO)",18.451137,-69.947836
88,"ATM S/M La Fuente (Brig. Santiago)",19.430363,-70.690447
89,"ATM UNP El Cercado San Juan (Abastece Oficina)",18.729318,-71.519735
91,"ATM UNP Villa Isabela",19.822578,-71.05623
93,"ATM Oficina Cotuí (Abastece Oficina)",19.058022,-70.153757
94,"ATM Centro de Caja Porvenir (Brig. San Francisco)",19.297773,-70.255597
95,"ATM Oficina Tenares (Abastece Oficina)",19.372669,-70.351473
96,"ATM S/M Caribe Charles (Reserva Zona Metro)",18.519203,-69.834409
97,"ATM Oficina Villa Riva (Abastece Oficina)",19.179993,-69.91153
101,"ATM Autoservicio San Juan de la Maguana I (Abastece Oficina)",18.806306,-71.230308
104,"ATM Jumbo Higuey (Reserva Zona Este)",18.618349,-68.724199
114,"ATM Autoservicio Oficina Hato Mayor (ATM DEPOSITOS 2 MODULOS) (Abastece Oficina)",18.7638,-69.254204
125,"ATM Dirección General de Aduanas II (Reserva Zona Metro)",18.482085,-69.939078
134,"ATM Oficina San José de Ocoa (Abastece Oficina)",18.547204,-70.507102
135,"ATM Oficina Las Dunas Baní (Abastece Oficina)",18.276136,-70.332771
136,"ATM S/M Xtra Santiago (Brig. Santiago)",19.466634,-70.662479
138,"ATM UNP Fantino (Abastece Oficina)",19.123504,-70.302218
142,"ATM Centro de Caja Galerías Bonao (Abastece Ofiicna)",18.939832,-70.394354
144,"ATM Oficina Villa Altagracia (Abastece Ofiicna)",18.669277,-70.1738
147,"ATM Kiosco Megacentro I (Reserva Zona Metro)",18.506051,-69.856397
151,"ATM Oficina Nagua (Abastece Oficina)",19.376718,-69.849556
152,"ATM Kiosco Megacentro II (Reserva Zona Metro)",18.506051,-69.856367
157,"ATM Oficina Samaná (Abastece Oficina)",19.203925,-69.332568
158,"ATM Autoservicio Oficina Romana Norte (Reserva Zona Este)(ATM DEPOSITOS 2 MODULOS)",18.431512,-68.973057
159,"ATM Hotel Dreams Bayahibe (Reserva Zona Este)",18.34559,-68.819641
160,"ATM Oficina Herrera (Abastece Oficina)",18.477782,-69.975202
169,"ATM Oficina Caonabo (Reserva Zona Metro)",18.450041,-69.968427
171,"ATM Autoservicio Oficina Moca (Abastece Oficina) (ATM DEPOSITOS 2 MODULOS)",19.39625,-70.527189
175,"ATM Dirección de Ingeniería (Reserva Zona Metro)",18.47358704,-69.94449617
180,"ATM Oficina Megacentro II (Reservas Zona Metro)",18.50785,-69.855817
181,"ATM Oficina Sabaneta (Abastece Oficina)",19.476443,-71.343812
188,"ATM UNP Miches (Abastece Oficina)",18.984644,-69.048613
189,"ATM Comando Regional Cibao Central P.N.",19.463313,-70.696727
194,"ATM UNP Pantoja (Abastece Oficina)",18.535307,-69.992647
198,"ATM Almacenes El Encanto Santiago",19.452689,-70.702877
204,"ATM Hotel Dreams Dominicus II (Reserva Zona Este)",18.376437,-68.844579
212,"ATM Universidad Nacional Evangélica (Reserva Zona Metro)",18.479274,-69.910459
214,"ATM S/M Olé Bávaro",18.60942,-68.41272
217,"ATM Oficina Bávaro (Abastece Oficina)",18.685159,-68.453218
219,"ATM Autoservicio Oficina La Altagracia Higuey (Abastece Oficina) (ATM DEPOSITOS 2 MODULOS)",18.605747,-68.713852
225,"ATM S/M Nacional Arroyo Hondo (Reserva Zona Metro)",18.501926,-69.943108
227,"ATM S/M Bravo Av. Enriquillo (Reserva Zona Metro)",18.442596,-69.969908
228,"ATM Oficina SAJOMA (Abastece Oficina)",19.338091,-70.94142
232,"ATM S/M Nacional Charles de Gaulle (Reserva Zona Metro)",18.513365,-69.831095
234,"ATM Oficina Boca Chica I (Abastece Oficina)",18.448452,-69.606425
237,"ATM UNP Plaza Vásquez (Reserva Zona Metro)",18.499453,-69.852916
243,"ATM Autoservicio Plaza Central (Reserva Zona Metro)(ATM DEPOSITOS 2 MODULOS)",18.464187,-69.935394
244,"ATM Ministerio de Hacienda  Finanzas (Reserva Zona Metro)",18.474434,-69.905193
249,"ATM Banco Agricola Neiba (Reserva Zona Sur)",18.491197,-71.420868
252,"ATM Banco Agrícola Barahona (Reserva Zona Sur)",18.206992,-71.095271
256,"ATM Oficina Licey Al Medio (Abastece Oficina)",19.428948,-70.598136
257,"ATM S/M Pola Santiago (Brig. Santiago)",19.458187,-70.701488
266,"ATM Oficina Villa Francisca (Abastece Oficina)",18.480949,-69.890255
268,"ATM Autobanco Oficina La Altagracia (Abastece Oficina)",18.605747,-68.713854
276,"ATM UNP Las Guáranas (Brig. San Francisco)",19.189386,-70.208753
282,"ATM Autobanco Nibaje)",19.443093,-70.701296
283,"ATM Oficina Nibaje (Abastece Oficina)",19.4431,-70.701434
285,"ATM Oficina Camino Real Puerto Plata (Abastece Oficina)",19.793208,-70.696242
288,"ATM Oficina Camino Real II Puerto Plata (Abastece Oficina)",19.793217,-70.696199
289,"ATM Oficina Bávaro II (Abastece Oficina)",18.612934,-68.719345
290,"ATM Oficina San Francisco de Macorís (Abastece Oficina)",19.297963,-70.258353
291,"ATM Autoservicio S/M Jumbo Las Colinas (Brig. Santiago)(ATM DEPOSITOS 2 MODULOS)",19.473119,-70.713945
293,"ATM S/M Nueva Visión San Pedro (Reserva Zona Este)",18.463452,-69.297369
297,"ATM S/M La Cadena Ocoa (Abastece Oficina)",18.546914,-70.506023
298,"ATM UNP Aprezio Engombe (Reserva Zona Metro)",18.456813,-69.999697
299,"ATM S/M Aprezio Cotui",19.050802,-70.146516
300,"ATM S/M Aprezio Los Guaricanos (Reserva Zona Metro)",18.538534,-69.935081
301,"ATM UNP Alfa y Omega Barahona (Abastece Oficina)",18.214928,-71.112635
304,"ATM Autoservicio Multicentro La Sirena Estrella Sadhala (ATM DEPOSITOS 2 MODULOS)",19.484685,-70.709217
309,"ATM Secrets Cap Cana I (Reserva Zona Este)",18.48476,-68.39652
310,"ATM Farmacia San Judas Tadeo Jarabacoa",18.468775,-69.894147
311,"ATM Plaza Eroski (Reserva Zona Sur)",17.991286,-71.166651
312,"ATM Autoservicio Tiradentes II Naco (Reserva Zona Metro)(ATM DEPOSITOS 2 MODULOS)",18.477925,-69.927996
315,"ATM Oficina Estrella Sadhalá (Brig. Santiago)",19.473398,-70.694187
318,"ATM Autoservicio Lope de Vega  (Reserva Zona Metro)(ATM DEPOSITOS 1 MODULO)",18.479947,-69.9307188
319,"ATM Autobanco oficina Lope de Vega I (Reserva Zona Metro)",18.479947,-69.9307192
320,"ATM Hotel Dreams Uvero Alto (Reserva Zona Este)",18.802314,-68.575848
327,"ATM UNP S/M Nacional 27 de Febrero (Reserva Zona Metro)",18.465341,-69.929145
333,"ATM Oficina Turey Maimón (Abastece Oficina)",18.90777,-70.278141
335,"ATM Edificio Aster",18.494232,-69.86449
337,"ATM S/M Cooperativo Moca",19.393692,-70.527797
338,"ATM S/M Aprezio Pantoja (Reserva Zona Metro)",18.529865,-69.99758
342,"ATM Autoservicio Oficina Obras Públicas Azua (Abastece Oficina) (ATM DEPOSITOS 2 MODULOS)",18.450691,-70.726585
345,"ATM Ofic. Yamasa II (Abastece Oficina)",18.7673,-70.024385
348,"ATM Oficina Las Terrenas II (Abastece Oficina)",19.319626,-69.539016
349,"ATM SENASA",18.4683977,-69.9241139
351,"ATM S/M Jose Luis (Brig. Puerto Plata)",19.793861,-70.685814
353,"ATM Estación Boulevard Juan Dolio (Reserva Zona Este)",18.425555,-69.430752
354,"ATM Oficina Nuñez de Caceres II (Abastece Oficina)",18.459552,-69.95774
356,"ATM Estación Sigma San Cristóbal (Reserva Zona Metro)",18.40749,-70.132274
357,"ATM Universidad Nacional Evangélica (Brig. Santiago)",19.479484,-70.703465
358,"ATM Ayuntamiento Cevico",19.005941,-69.979592
359,"ATM S/M Bravo Ozama (Reserva Zona Metro)",18.495511,-69.862259
361,"ATM Estación Next La Cumbre (Doña Pula)",18.793627,-70.270726
363,"ATM S/M Bravo Villa Mella",18.522685,-69.917569
365,"ATM Centro Medico de Diabetes, Obesidad y Endocrinología (CEMDOE)",18.474559,-69.96765
373,"ATM S/M Tangui Nagua (Brig. Nagua)",19.376002,-69.85448
375,"ATM Base Naval Las Calderas (BANI)",18.214411,-70.514612
376,"ATM Autoservicio Dual Blue Mall III (ATM DEPOSITOS)",18.47269058,-69.94106295
377,"ATM Estación del Metro Eduardo Brito (Reserva Zona Metro)",18.503421,-69.884274
380,"ATM Oficina Navarrete (Abastece Oficina)",19.56127,-70.874932
382,"ATM Estación del Metro Maria Montes",18.478179,-69.968189
385,"ATM Plaza Verón I (Reserva Zona Este) (Abastece Oficina)",18.599938,-68.417806
386,"ATM Plaza Verón II (Abastece Oficina)",18.599937,-68.417782
394,"ATM Multicentro La Sirena Luperón (Reserva Zona Metro)",18.466415,-69.969639
395,"ATM UNP Sabana Iglesia (Abastece Oficina)",19.321649,-70.753794
396,"ATM Oficina Plaza Ulloa La Fuente (Abastece Oficina)",19.429833,-70.690347
399,"ATM Oficina La Romana II (Abastece Oficina)",18.425374,-68.967731
402,"ATM Multicentro La Sirena La Vega (Brig. La Vega)",19.225284,-70.517336
403,"ATM Oficina Vicente Noble (Reserva Zona Sur)",18.383935,-71.179711
407,"ATM Multicentro La Sirena Villa Mella (Reserva Zona Metro)",18.544638,-69.899624
408,"ATM Autobanco Las Palmas de Herrera (Reserva Zona Metro)",18.477741,-69.975116
409,"ATM Oficina Las Palmas de Herrera I (Abastece Oficina)",18.47776,-69.975132
410,"ATM Autoservicio Las Palmas de Herrera II (Abastece Oficina) (ATM DEPOSITOS 2 MODULOS)",18.47776,-69.975103
411,"ATM UNP Piedra Blanca Bonao (Abastece Oficina)",18.84578,-70.316721
413,"ATM UNP Las Galeras Samaná",19.288546,-69.199979
414,"ATM Oficina Villa Francisca II (Abastece Oficina)",18.480949,-69.890257
415,"ATM Autobanco Of. San Martin I (Reserva Zona Metro)",18.482743,-69.909142
416,"ATM Autobanco San Martín II (Reserva Zona Metro)",18.482759,-69.909134
420,"ATM DGII Av. Lincoln (Reserva Zona Metro)",18.47554,-69.935561
427,"ATM Iberia Hato Mayor (Reserva Zona Este)",18.767291,-69.256192
429,"ATM Autoservicio Oficina Jumbo La Romana (Abastece Oficina) (ATM DEPOSITOS 2 MODULOS)",18.418935,-68.965996
430,"ATM Autoservicio Oficina Las Matas de Farfán",18.873131,-71.520243
431,"ATM Autoservicio Oficina El Sol (ATM DEPOSITOS 2 MODULOS) (Abastece Oficina)",19.450711,-70.702765
432,"ATM Oficina Puerto Plata II (Abastece Oficina)",19.796876,-70.692368
434,"ATM Generadora Hidroeléctrica Dom. EGEHID (Reserva Zona Metro)",18.457638,-69.939473
435,"ATM Autobanco Torre I (Reserva Zona Metro)",18.467556,-69.938427
436,"ATM Autobanco Torre II (Reserva Zona Metro)",18.467534,-69.938332
438,"ATM Autobanco Torre IV (Reserva Zona Metro)",18.467474,-69.938416
441,"ATM Estación Texaco Rómulo Betancourt (Reserva Zona Este)",18.44587,-69.967257
446,"ATM Hipódromo V Centenario (Reserva Zona Metro)",18.480275,-69.774515
449,"ATM Autobanco Oficina Lope de Vega II (Reserva Zona Metro)",18.479947,-69.9307194
454,"ATM UNP Partido Dajabón",19.483081,-71.546772
458,"ATM Hospital Dario Contreras (Reserva Zona Metro)",18.485543,-69.8634
461,"ATM Autobanco Sarasota I (Reserva Zona Metro)",18.451156,-69.947799
462,"ATM Agrocafe del Caribe (Reserva Zona Este)",18.843933,-69.329811
463,"ATM Multicentro La Sirena El Embrujo (Brig. Santiago)",19.443129,-70.669636
479,"ATM Estación Next Yapur Dumit",,
480,"ATM UNP Farmaconal Higuey (Reserva Zona Este)",18.614456,-68.719178
486,"ATM UNP Olé La Caleta (Reserva Zona Metro)",18.45124,-69.672035
489,"ATM Aeropuerto El Catey Samaná",19.268471,-69.729886
492,"ATM S/M Nacional El Dorado Santiago",19.46662,-70.66256
493,"ATM Autoservicio Oficina Haina Occidental II (Reserva Zona Metro)(ATM DEPOSITOS 2 MODULOS)",18.416137,-70.029471
497,"ATM Ofic. El Portal II (Abastece Oficina)",19.439913,-70.687672
500,"ATM UNP Cutupú (Brig. La Vega)",19.311409,-70.539986
510,"ATM Ferretería Bellón (Brig. Santiago)",19.455583,-70.664544
513,"ATM UNP Lagunas de Nisibón (Abastece Oficina)",18.837315,-68.669355
514,"ATM Autoservicio Charles de Gaulle (Abastece Oficina) (ATM DEPOSITOS 2 MODULOS)",18.50412,-69.826737
516,"ATM Oficina Gascue (Abastece Oficina)",18.466675,-69.895501
518,"ATM Autobanco Los Alamos",19.434755,-70.66086
524,"ATM DNCD (Reserva Zona Metro)",18.472225,-69.913243
527,"ATM Ofic. Zona Oriental II (Abastece Oficina)",18.45137024,-69.66231537
528,"ATM Ferretería Ochoa (Brig. Santiago)",19.46425,-70.711633
535,"ATM Autoservicio Torre (Abastece Oficina) (ATM DEPOSITOS 2 MODULOS)",18.467843,-69.938578
536,"ATM Super Lama San Isidro",18.488602,-69.826055
537,"ATM Estación Texaco Enriquillo Barahona (Reserva Zona Sur)",17.895982,-71.236556
538,"ATM Autoservicio San Francisco de Macoris (Abastece Oficina) (ATM DEPOSITOS 2 MODULOS)",19.297963,-70.258355
540,"ATM Autoservicio Oficina Sambil I (Reserva Zona Metro)(ATM DEPOSITOS 2 MODULOS)",18.482808,-69.911826
541,"ATM Oficina Sambil II (Reserva Zona Metro)",18.482807,-69.911802
545,"ATM Autoservicio Isabel La Católica II  (Centro Cultural Isabel La Catolica) (ATM DEPOSITOS 1 MODULO)",18.47588,-69.883715
546,"ATM ITLA (Reserva Zona Metro)",18.451443,-69.662338
547,"ATM Plaza Lama Herrera (Reserva Zona Metro)",18.475328,-69.971209
551,"ATM Oficina Padre Castellanos (Abastece Oficina)",18.501164,-69.88822
555,"ATM Estación Shell Las Praderas (Reserva Zona Metro)",18.469149,-69.967938
559,"ATM Autoservicio Metro (Reserva Zona Metro)(ATM DEPOSITOS 2 MODULOS)",18.481356,-69.914985
560,"ATM Junta Central Electoral (Reserva Zona Metro)",18.449413,-69.976198
561,"ATM Comando Regional P.N. S.D. Este (Reserva Zona Metro)",18.5071,-69.818748
563,"ATM Base Aérea San Isidro (Reserva Zona Metro)",18.504061,-69.762037
565,"ATM S/M La Cadena Núñez de Caceres (Reserva Zona Metro)",18.468955,-69.960205
566,"ATM Hiper Olé Aut. Duarte I (Reserva Zona Metro)",18.53374,-70.012057
567,"ATM Oficina Máximo Gómez (Abastece Oficina)",18.460826,-69.908179
568,"ATM Ministerio de Educación (Reserva Zona Metro)",18.463217,-69.908885
569,"ATM Superintendencia de Seguros (Reserva Zona Metro)",18.473793,-69.907669
570,"ATM S/M Liverpool Villa Mella (Reserva Zona Metro)",18.56149673,-69.90509796
571,"ATM Hospital Central FF. AA. (Reserva Zona Metro)",18.480901,-69.921433
575,"ATM EDESUR Tiradentes (Reserva Zona Metro)",18.479478,-69.927926
578,"ATM Procuraduría General de la República (Reserva Zona Metro)",18.470147,-69.922534
582,"ATM Estación Texaco Sabana Yegua (Abastece Oficina)",18.454495,-70.829168
583,"ATM Ministerio Fuerzas Armadas (Reserva Zona Metro)",18.44782829,-69.97409058
587,"ATM Cuerpo de Ayudantes Militares (Reserva Zona Metro)",18.468569,-69.913016
596,"ATM Autobanco Malecon Center (Reserva Zona Metro)",18.45833,-69.908753
600,"ATM S/M Bravo Hipica",18.495192,-69.777506
603,"ATM Zona Franca Santiago II (Brig. Santiago)",19.47735596,-70.72550201
605,"ATM Oficina Bonao I (Abastece Oficina)",18.944177,-70.409982
606,"ATM UNP Manolo Tavarez Justo (Brig. Puerto Plata)",19.788413,-70.697606
608,"ATM Autoservicio Oficina Jumbo San Pedro (Abastece Oficina) (ATM DEPOSITOS 2 MODULOS)",18.454396,-69.297586
611,"ATM DGII Sede Central (Reserva Zona Metro)",18.474068,-69.905062
612,"ATM Plaza Orense I La Romana (Reserva Zona Este)",18.605771,-68.71381
613,"ATM Almacenes Zaglul Higuey (Reserva Zona Este)",18.616088,-68.719968
617,"ATM Guardia Presidencial (Reserva Zona Metro)",18.475638,-69.89644
618,"ATM Bienes Nacionales (Reserva Zona Metro)",18.473536,-69.904169
619,"ATM Academia P.N. Hatillo San Cristóbal (Reserva Zona Metro)",18.417535,-70.086016
622,"ATM Ayuntamiento D.N. (Reserva Zona Metro)",18.448181,-69.92699
624,"ATM Policia Nacional I (Reserva Zona Metro)",18.474769,-69.907622
627,"ATM CAASD (Reserva Zona Metro)",18.487023,-69.93959
630,"ATM Oficina Plaza Zaglul San Pedro (Reserva Zona Este)",18.453109,-69.307328
631,"ATM ASOCODEQUI San Pedro (Reserva Zona Este)",18.452487,-69.30846
632,"ATM Autobanco Gurabo (Brig. Santiago)",19.474895,-70.674078
633,"ATM Autobanco Las Colinas (Brig. Santiago)",19.484658,-70.718661
635,"ATM Zona Franca Tamboril (Brig. Santiago)",19.480086,-70.632581
636,"ATM Oficina Tamboril (Abastece Oficina)",19.487031,-70.612564
642,"ATM OMSA Sto. Dgo. (Reserva Zona Metro)",18.480801,-69.996502
643,"ATM Oficina Valerio (Abastece Oficina(Abastece Oficina)",19.453355,-70.709666
645,"ATM UNP Cabrera",19.64092,-69.908431
648,"ATM Hermandad de Pensionados (Reserva Zona Metro)",18.480331,-69.907012
650,"ATM Edificio 911 Santiago (Brig. Santiago)",19.463907,-70.69627
651,"ATM Eco Petróleo La Romana (Reserva Zona Este)",18.411397,-68.99473
654,"ATM Autoservicio S/M Jumbo Puerto Plata (Brig. Puerto Plata)(ATM DEPOSITOS 2 MODULOS)",19.78218,-70.673096
655,"ATM Farmacia Sandra (Reserva Zona Metro)",18.420716,-70.111696
659,"ATM Down Town Center (Reserva Zona Metro)",18.450818,-69.952862
660,"ATM Oficina Romana Norte II (Reserva Zona Este)",18.431514,-68.97303
663,"ATM S/M Ole Ave. España",18.469769,-69.855527
665,"ATM PBG El Huacal",19.459653,-70.686303
666,"ATM S/M El Porvenir Libert (Brig. San Francisco)",19.415888,-70.653927
670,"ATM Estación Texaco Algodón Independencia (Reserva Zona Metro)",18.430657,-69.97628
671,"ATM Ayuntamiento Sto. Dgo. Norte (Reserva Zona Metro)",18.520935,-69.91543
672,"ATM Destacamento Policía Nacional La Victoria (Reserva Zona Metro)",18.590197,-69.842914
673,"ATM Clínica Dr. Cruz Jiminian (Reserva Zona Metro)",18.50149,-69.922389
676,"ATM S/M Bravo Colinas del Oeste (Reserva Zona Metro)",18.458953,-69.984437
678,"ATM Eco Petroleo Base Aerea San Isidro (Reserva Zona Metro)",18.532855,-69.79459
679,"ATM Base Aérea Puerto Plata (Brig. Puerto Plata)",19.750834,-70.577725
684,"ATM Estación Texaco Prolongación 27 de Febrero",18.462546,-69.993322
685,"ATM Autoservicio UNP UASD (Reserva Zona Metro) (ATM DEPOSITOS 2 MODULOS)",18.462546,-69.993322
688,"ATM Innova Centro Ave. Kennedy (Reserva Zona Metro)",18.484957,-69.929063
693,"ATM International Medical Group Punta Cana (Reserva Zona Este)",18.663101,-68.429695
696,"ATM Olé Jacobo Majluta (Reserva Zona Metro)",18.555334,-69.944539
697,"ATM UNP Olé Ciudad Juan Bosch (Reserva Zona Metro)",18.464069,-69.751957
701,"ATM Autoservicio Oficina Los Alcarrizos (Abastece Oficina) (ATM DEPOSITOS 2 MODULOS)",18.524563,-70.030427
708,"ATM El Vestir De Hoy (Reserva Zona Metro)",18.5443325,-69.90052795
712,"ATM Oficina Imbert (Abastece Oficina)",19.472042,-70.712828
713,"ATM Oficina Las Américas (Abastece Oficina)",18.485403,-69.876035
716,"ATM Oficina Zona Franca (Abastece Oficina)",19.479473,-70.725809
717,"ATM Oficina Los Alcarrizos (Abastece Oficina)",18.524561,-70.030425
718,"ATM Feria Ganadera (Reserva Zona Metro)",18.437078,-69.942045
721,"ATM Oficina Charles de Gaulle II (Abastece Oficina)",18.504095,-69.826769
722,"ATM Oficina Charles de Gaulle III (Abastece Oficina)",18.5041,-69.826856
728,"ATM Oficina Padre Adolfo La Vega (Abastece Oficina)",19.224277,-70.532006
729,"ATM Zona Franca (Brig. La Vega)",19.24708557,-70.5560379
730,"ATM Palacio de Justicia Barahona (Reserva Zona Sur)",18.208799,-71.098396
731,"ATM UNP Villa González (Brig. Santiago)",19.539594,-70.789508
734,"ATM Oficina Independencia I (Abastece Oficina)",18.451322,-69.927411
735,"ATM Oficina Independencia II (Abastece Oficina)",18.451326,-69.927392
737,"ATM UNP Cabarete Puerto Plata",19.750753,-70.402017
738,"ATM Zona Franca Los Alcarrizos (Reserva Zona Metro)",18.521146,-70.051058
740,"ATM EDENORTE (Brig. Santiago)",19.45741653,-70.68747711
743,"ATM Autoservicio Los Frailes (Abastece Oficina) (ATM DEPOSITOS 2 MODULOS)",18.464988,-69.812707
744,"ATM Multicentro La Sirena Venezuela (Reserva Zona Metro)",18.504584,-69.873415
745,"ATM Oficina Ave. Duarte (Abastece Oficina)",18.501209,-69.90538
746,"ATM Autoservicio Las Terrenas I (Abastece Oficina)",19.319626,-69.539014
747,"ATM Club BR (Brig. Santiago)",19.426375,-70.677724
748,"ATM Centro de Caja Santiago (Brig. Santiago)",19.473508,-70.694219
749,"ATM Oficina Yaque (Abastece Oficina)",19.45967865,-70.69283295
750,"ATM UNP Duvergé (Abastece Oficina)",18.377988,-71.522891
752,"ATM UNP Las Carolinas (La Vega) (Abastece Oficina)",19.217734,-70.521398
756,"ATM UNP Villa La Mata Cotui (Brigada )",19.09693,-70.16432
757,"ATM UNP Plaza Paseo (Brig. Santiago)",19.459787,-70.691325
760,"ATM UNP Cruce Guayacanes Mao",19.645709,-71.062156
761,"ATM ISSPOL (Reserva Zona Metro)",18.45612,-69.919462
763,"ATM UNP Montellano (Brig. Puerto Plata)",19.728949,-70.60354
766,"ATM Oficina Azua II (Abastece Oficina)",18.453696,-70.737889
767,"ATM S/M Diverso Azua (Abastece Oficina)",18.45444,-70.734521
769,"ATM UNP Pablo Mella Morales (Reserva Zona Metro)",18.538548,-70.034193
771,"ATM UASD Mao",19.563543,-71.103408
772,"ATM Oficina Yamasa (Abastece Oficina)",18.7673,-70.024384
774,"ATM Autoservicio Oficina Montecristi (Abastece Oficina) (ATM DEPOSITOS 2 MODULOS)",19.848869,-71.648889
778,"ATM Oficina Esperanza Mao (Abastece Oficina)",19.585389,-70.984249
783,"ATM Autobanco Alfa y Omega Barahona (Reserva Zona Sur)",18.214934,-71.112666
788,"ATM Relaciones Exteriores Cancillería (Reserva Zona Metro)",18.454072,-69.919739
796,"ATM Oficina Plaza Ventura Nagua (Abastece Oficina)",19.372789,-69.854168
797,"ATM Dirección de Jubilaciones y Pensiones",18.476154,-69.909047
799,"ATM Clínica Corominas (Brig. Santiago)",19.452531,-70.700004
800,"ATM Estación Next Dipsa Pedro Livio Cedeño (Reserva Zona Metro)",18.494065,-69.919663
801,"ATM Galería 360 Food Court (Reserva Zona Metro)",18.485141,-69.936459
802,"ATM UNP Aeropuerto Romana (Reserva Zona Este)",18.448355,-68.911603
804,"ATM Hotel Be Live Punta Cana Cabeza de Toro (Reserva Zona Este)",18.58207,-68.405471
806,"ATM SEWN Zona Franca Santiago (Brig. Santiago)",19.476924,-70.724586
810,"ATM Multicentro La Sirena Jose Contreras (Reserva Zona Metro)",18.463878,-69.919382
813,"ATM Oficina Occidental Mall (Abastece Oficina)",18.485628,-70.00025
816,"ATM Oficina Pedro Brand (Reserva Zona Metro) ",18.56876,-70.092385
819,"ATM Jurisdicción Inmobiliaria (Brig. Santiago)",19.468156,-70.713501
821,"ATM S/M Bravo Churchill (Reserva Zona Metro)",18.475413,-69.943595
822,"ATM INDUSPALMA (Reserva Zona Metro)",18.725056,-69.765552
825,"ATM Estacion Eco Cibeles Las Matas de Farfán",18.872965,-71.516292
830,"ATM UNP Sabana Grande de Boyá (Abastece Oficina)",18.943795,-69.792127
831,"ATM Politécnico Loyola San Cristóbal (Reserva Zona Metro)",18.410747,-70.112908
837,"ATM Estación Next Canabacoa (Brig. Santiago)",19.406556,-70.637407
844,"ATM San Juan Shopping Center Bávaro (Abastece Oficina)",18.63876,-68.398841
851,"ATM Hospital Vinicio Calventi (Reserva Zona Metro)",18.526235,-70.053571
853,"ATM Inversiones JF Group Shell Canabacoa (Brig. La Vega)",19.410612,-70.640909
854,"ATM Centro Comercial Blanco Batista Moca (Brig. La Vega)",19.331558,-70.622335
855,"ATM Palacio de Justicia (Brig. La Vega)",19.22255,-70.530945
857,"ATM Oficina Los Alamos (Abastece Oficina)",19.43475,-70.660881
860,"ATM Oficina Bella Vista 27 de Febrero I (Reserva Zona Metro)",18.459028,-69.94244
861,"ATM Oficina Bella Vista 27 de Febrero II (Reserva Zona Metro)",18.458966,-69.942583
862,"ATM S/M Doble A Sabaneta",19.477322,-71.342085
864,"ATM Palmares Mall (Brig. San Francisco)",19.287886,-70.267463
867,"ATM Estación Combustible Autopista El Coral (Reserva Zona Este)",18.689213,-68.422087
868,"ATM Casino Diamante (Reserva Zona Metro)",18.45769,-69.91001
871,"ATM Plaza Cultural San Juan",18.806424,-71.229579
874,"ATM Zona Franca Esperanza II Mao",19.593992,-70.97924
875,"ATM Texaco Aut. Duarte, KM 14  Los Alcarrizos (Reserva Zona Metro)",18.549395,-70.046736
878,"ATM PBG Hospital José María Cabral (Brig. Santiago)",19.456006,-70.699421
879,"ATM Plaza Metropolitana (Reserva Zona Metro)",18.482989,-69.921302
882,"ATM Oficina Moca II (Abastece Oficina)",19.396238,-70.527108
884,"ATM UNP Olé Sabana Perdida (Reserva Zona Metro)",18.54228973,-69.86035156
886,"ATM Oficina Guayubín (Abastece Oficina)",19.668958,-71.395724
887,"ATM S/M Bravo Los Próceres (Reserva Zona Metro)",18.488634,-69.964338
888,"ATM Oficina Galería 56 II (Abastece Oficina)",19.295873,-70.253927
891,"ATM Estación Texaco Barahona (Reserva Zona Sur)",18.222362,-71.123103
892,"ATM Edificio Globalia Naco (Reserva Zona Metro)",18.479299,-69.928516
893,"ATM Hotel Be Live Canoa Bayahibe II (Brig. Puerto Plata)",18.341322,-68.816887
896,"ATM Campamento Militar 16 de Agosto I (Reserva Zona Metro)",18.57291,-70.086371
899,"ATM Oficina Punta Cana (Reserva Zona Este)",18.558671,-68.372544
900,"ATM UNP Merca Santo Domingo (Reserva Zona Metro)",18.566324,-70.022117
903,"ATM Oficina La Vega Real I (Abastece Oficina)",19.224429,-70.53193
908,"ATM Oficina Plaza Botánika (Reserva Zona Metro)",18.503821,-69.943535
910,"ATM Oficina El Sol II (Abastece Oficina)",19.450726,-70.702794
911,"ATM Oficina Venezuela II (Abastece Oficina)",18.496966,-69.868792
912,"ATM Oficina San Pedro II (Abastece Oficina)",18.45526,-69.309175
933,"ATM Hotel Dreams Punta Cana II (Reserva Zona Este)",18.650556,-68.363467
934,"ATM Hotel Hilton La Romana (Reserva Zona Este)",18.37711,-68.845157
936,"ATM Autobanco Oficina La Vega Real I",19.224358,-70.531988
937,"ATM Autobanco Oficina La Vega Real II",19.224358,-70.531995
941,"ATM Estación Next (Brig. Puerto Plata)",19.790927,-70.701429
942,"ATM Estación Texaco La Vega",19.249221,-70.555684
945,"ATM UNP El Valle Hato Mayor (Abastece Oficina)",18.978381,-69.378129
947,"ATM Superintendencia de Bancos (Reserva Zona Metro)",18.473675,-69.907262
950,"ATM Oficina Monterrico (Abastece Oficina)",19.485562,-70.731968
952,"ATM Alvarez Rivas (Reserva Zona Metro)",18.450561,-69.979691
954,"ATM LAESA Pimentel (Brig. San Francisco)",19.203611,-70.093296
955,"ATM Oficina Americana Independencia II (Reserva Zona Metro)",18.437392,-69.954241
956,"ATM Autoservicio El Jaya (Abastece Oficina) (ATM DEPOSITOS 2 MODULOS)",19.287059,-70.269678
959,"ATM Estación Next Bávaro (Reserva Zona Este)",18.637364,-68.411237
961,"ATM Listin Diario (Reserva Zona Metro)",18.462431,-69.904854
962,"ATM Oficina Villa Ofelia II San Juan (Abastece Oficina)",18.805336,-71.22017
964,"ATM Hotel Sunscape (Brig. Puerto Plata)",19.77048,-70.640427
969,"ATM Oficina El Sol I (Abastece Oficina)",19.450711,-70.702763
978,"ATM Restaurante Jalao (Reserva Zona Metro) (Cerrado por reparacion)",18.473845,-69.884153
979,"ATM Oficina Luperón I (Abastece Oficina)",18.4346027,-69.9842377
983,"ATM S/M Bravo República de Colombia (Reserva Zona Metro)",18.506644,-69.979929
985,"ATM Oficina Dajabón II (Abastece Oficina)",19.549087,-71.705592
986,"ATM S/M Jumbo La Vega (Brig. La Vega)",19.224429,-70.521373
987,"ATM S/M Jumbo Moca (Brig. La Vega)",19.390391,-70.525965
988,"ATM Estación Sigma 27 de Febrero (Reserva Zona Metro)",18.479299,-69.928516
990,"ATM Autoservicio Oficina Bonao II (Abastece Oficina) (ATM DEPOSITOS 2 MODULOS)",18.944134,-70.409982
991,"ATM UNP Las Matas de Santa Cruz (Abastece Oficina)",19.668806,-71.502912
3,"ATM Autoservicio Oficina La Vega Real (Abastece Oficina) (ATM DEPOSITOS 2 MODULOS)",19.224365,-70.531923
5,"ATM Autoservicio Villa Ofelia San Juan (Abastece Oficina) (ATM DEPOSITOS 1 MODULO)",18.805377,-71.220344
28,"ATM UNP Cabeza de Toro (Reserva Zona Este)",18.65221,-68.366382
36,"ATM Banco Central (Reserva Zona Metro)",18.47343445,-69.90566254
48,"ATM Autoservicio Oficina Neiba I (ATM DEPOSITOS 2 MODULOS) (Abastece Oficina)",18.47922,-71.418
99,"ATM Multicentro La Sirena San Francisco de Macoris (Brig. San Francisco)",19.27641106,-70.2395401
192,"ATM Autobanco Luperón II (Reserva Zona Metro)",18.434378,-69.984455
238,"ATM Autoservicio Multicentro La Sirena Charles de Gaulle (Reserva Zona Metro)(ATM DEPOSITOS 2 MODULOS)",18.527919,-69.838799
271,"ATM Farmacia Sandra Hatillo (Brigada #4)",18.45286793,-70.17555175
302,"ATM S/M Aprezio Los Mameyes (Reserva Zona Metro)",18.472373,-69.855571
369,"ATM Autoservicio Plaza Lama Aut. Duarte",18.498401,-69.993514
384,"ATM Sótano Torre Banreservas  (Reserva Zona Metro)",18.467847,-69.938599
437,"ATM Autobanco Torre III (Reserva Zona Metro)",18.467509,-69.938398
490,"ATM Hospital Ney Arias Lora (Reserva Zona Metro)",18.547138,-69.884482
502,"ATM Materno Infantil (Brig. Santiago)",19.45879364,-70.68322754
558,"ATM Base Naval 27 de Febrero Sans Souci (Reserva Zona Metro)",18.47005463,-69.87407684
584,"ATM Autoservicio Oficina San Cristóbal (Reserva Zona Metro) (ATM DEPOSITOS 2 MODULOS)",18.416891,-70.111443
590,"ATM Olé Aut. Las Américas (Reserva Zona Metro)",18.465723,-69.819394
599,"ATM Autoservicio Oficina Plaza Internacional (Brig. Santiago)(ATM DEPOSITOS 2 MODULOS)",19.458896,-70.681227
604,"ATM Oficina Estancia Nueva Moca (Abastece Oficina)",19.405384,-70.528959
690,"ATM Eco Petróleo Esperanza",19.579556,-70.998028
698,"ATM Parador Bellamar (Reserva Zona Metro)",18.483699,-69.820847
703,"ATM Oficina El Mamey Los Hidalgos",19.739003,-71.028623
709,"ATM Seguros Maestro SEMMA (Reserva Zona Metro)",18.467853,-69.902033
732,"ATM Molino del Valle (Brig. Santiago)",19.445524,-70.638612
835,"ATM Autoservicio UNP Megacentro (Reserva Zona Metro)(ATM DEPOSITOS 2 MODULOS)",18.506611,-69.856078
836,"ATM Autoservicio UNP Plaza Luperón (Reserva Zona Metro)(ATM DEPOSITOS 2 MODULOS)",18.42875,-69.989679
850,"ATM Hotel Be Live Hamaca (Reserva Zona Metro)",18.448591,-69.60462
885,"ATM Oficina Rancho Arriba (Abastece Oficina)",18.699793,-70.444995
929,"ATM Autoservicio S/M Nacional El Conde (Reserva Zona Metro)(ATM DEPOSITOS 1 MODULO)",18.47305,-69.885935
944,"ATM Autoservicio UNP Mao (ATM DEPOSITOS 2 MODULOS)",19.554796,-71.072495
958,"ATM Oficina Olé Aut. San Isidro (Reserva Zona Metro)",18.493571,-69.810427
115,"ATM Oficina Megacentro I (Reservas Zona Metro)",18.506631,-69.856004
248,"ATM Shell Paraiso (Reserva Zona Metro)",18.474205,-69.942089
542,"ATM S/M La Cadena Carretera Mella (Reserva Zona Metro)",18.50974,-69.85172
841,"ATM CEA (Reserva Zona Metro)",18.447976,-69.927657
993,"ATM Centro Medico Integral II (Reserva Zona Metro)",18.522624,-69.830457
1,"ATM S/M San Rafael del Yuma (Reserva Zona Este)",18.429087,-68.672716
10,"ATM PBG Ministerio Salud Pública (Reserva Zona Metro)",18.49006653,-69.93022156
11,"ATM Hotel Viva Las Terrenas (Brig. La Vega)",19.299862,-69.580291
15,"ATM DNI (Reserva Zona Metro)",18.474149,-69.895914
18,"ATM Oficina Haina Occidental I (Reserva Zona Metro)",18.416134,-70.02948
20,"ATM Aprezio Las Palmas (Reserva Zona Metro)",18.4776601,-69.979298
21,"ATM Oficina Mella (Abastece Oficina)",18.475928,-69.889705
27,"ATM Ofic. El Seibo II (Abastece Oficina)",18.764051,-69.036453
29,"ATM AFP (Reserva Zona Metro)",18.472821,-69.939251
34,"ATM Plaza de la Salud (Reservas Zona Metro)",18.48732376,-69.92276001
37,"ATM Oficina Villa Mella I (Abastece Oficina)",18.545945,-69.900091
44,"ATM Autoservicio Pedernales (Reserva Zona Sur) (ATM DEPOSITOS 1 MODULO)",18.037,-71.745201
47,"ATM Oficina Jimaní (Abastece Oficina)",18.494618,-71.852137
53,"ATM Oficina Constanza (Abastece Oficina)",18.908034,-70.744301
54,"ATM Autoservicio Galería 360 (Reserva Zona Metro) (ATM DEPOSITOS 2 MODULOS)",18.48419,-69.937263
60,"ATM Autobanco 27 de Febrero (Reserva Zona Metro)",18.470116,-69.922515
72,"ATM UNP Aeropuerto Gregorio Luperón (Brig. Puerto Plata)",19.7553,-70.56387
73,"ATM Oficina Playa Dorada (Brig. Puerto Plata)",19.7691,-70.643056
74,"ATM Oficina Sosúa (Abastece Oficina)",19.765454,-70.512768
76,"ATM Casa Nelson  (Brig. Puerto Plata)",19.794033,-70.695531
84,"ATM Multicentro Sirena San Cristóbal (Reserva Zona Metro)",18.415294,-70.101803
90,"ATM Hotel Dreams Punta Cana I (Reserva Zona Este)",18.806057,-68.573108
92,"ATM Autoservicio Oficina Salcedo I (Abastece Oficina) (ATM DEPOSITOS 1 MODULO)",19.37854,-70.41751
98,"ATM UNP Pimentel (Abastece Oficina)",19.183726,-70.108398
100,"ATM UASD Higuey (Reserva Zona Este)",18.592077,-68.716627
103,"ATM Oficina Las Matas de Farfán (Abastece Oficina)",18.873131,-71.520241
105,"ATM Autobanco Estancia Nueva Moca",19.405362,-70.528953
111,"ATM Oficina San Pedro I (Abastece Oficina)",18.455254,-69.309193
113,"ATM Autoservicio Atalaya del Mar (Reserva Zona Metro)(ATM DEPOSITOS 1 MODULO)",18.42921,-69.980885
131,"ATM Oficina Baní I (Abastece Oficina)",18.279784,-70.330703
140,"ATM Hospital San Vicente de Paul (Brig. San Francisco)",19.27641106,-70.2395452
146,"ATM Tribunal Constitucional (Reserva Zona Metro)",18.450541,-69.979803
153,"ATM Rehabilitación (Reserva Zona Metro)",18.479549,-69.905923
154,"ATM Oficina Sánchez (Abastece Oficina)",19.228028,-69.612926
161,"ATM Jumbo Punta Cana (Reserva Zona Este)",18.637736,-68.398138
162,"ATM Oficina Tiradentes I (Reserva Zona Metro)",18.477826,-69.927874
166,"ATM Estación Texaco Las Lavas",19.551218,-70.827856
183,"ATM Estacion Nativa km 22 AUT. Duarte (Reserva Zona Metro)",18.549715,-70.04656
184,"ATM Hermanas Mirabal (Abastece Oficina)",18.522661,-69.917577
185,"ATM UNPHU (Reserva Zona Metro) (Cerrado por cuarentena COVID",18.48567,-69.948505
196,"ATM Estación Texaco Cangrejo  Farmacia Sosúa",19.74946975,-70.58374786
199,"ATM S/M Amigo (Reserva Zona Metro)",18.4757757,-69.922773
201,"ATM Oficina Mao (Abastece Oficina)",19.55562,-71.073427
208,"ATM UNP Tireo",18.935387,-70.688791
213,"ATM Almacenes Iberia La Romana (Reserva Zona Este)",18.427949,-68.96442
218,"ATM Hotel Secrets Cap Cana II (Reserva Zona Este)",18.48476,-68.39652
222,"ATM UNP Dominicus La Romana (Reserva Zona Este)",18.34835,-68.826428
224,"ATM S/M Nacional El Millón Núñez de Caceres (Reserva Zona Metro)",18.46559334,-69.92899323
245,"ATM Boombah Zona Franca Victor Mera (Brig. Santiago)",19.466953,-70.732152
246,"ATM Oficina Torre BR Lobby (Abastece Oficina)",18.46785,-69.938617
253,"ATM Centro Cuesta Nacional (Brig. Santiago)",19.461493,-70.685223
259,"ATM Senado de Republica (Reserva Zona Metro)",18.449106,-69.925308
261,"ATM UNP Aeropuerto Cibao (Brig. Santiago)",19.400523,-70.602026
262,"ATM Oficina Obras Públicas Santiago (Abastece Oficina)",19.48561,-70.706719
267,"ATM UNP México (Reserva Zona Metro)",18.478639,-69.889537
275,"ATM Autobanco Duarte II (Brig. Santiago)",19.457709,-70.66944
280,"ATM Cooperativa BR (Reserva Zona Metro)",18.477901,-69.891407
292,"ATM UNP Castañuelas Montecristi (Abastece Oficina)",19.713807,-71.499687
296,"ATM Estación BANICOMB Baní Eco Petroleo (Abastece Oficina)",19.4424017,-70.6873843
306,"ATM Hospital Dr. Toribio Bencosme Moca (Brig. La Vega)",19.389164,-70.518677
308,"ATM Ofic. Dual Blue Mall I (ATM DEPOSITOS)",18.47269058,-69.94106293
314,"ATM UNP Cambita Garabito San Cristóbal (Abastece Oficina)",18.45494843,-70.20043182
326,"ATM Autoservicio Jiménez Moya II (Reserva Zona Metro) (ATM DEPOSITOS 1 MODULO)",18.45455,-69.930277
331,"ATM Ayuntamiento Sto. Dgo. Este (Reserva Zona Metro)",18.504803,-69.8585539
332,"ATM Estación Sigma Cotui",19.072432,-70.152598
334,"ATM Oficina Salcedo II (Abastece Oficina)",19.37854,-70.417512
336,"ATM Instituto Nacional de Cáncer INCART (Reserva Zona Metro)",18.457856,-69.920112
350,"ATM Oficina Villa Tapia (Abastece Oficina)",19.300554,-70.421825
360,"ATM Ayuntamiento Guayabal",18.7706,-70.86268
364,"ATM Tabadom Holding, Santiago",19.543352,-70.797081
368,"ATM Ayuntamiento Peralvillo",18.81229,-70.03476
370,"ATM Oficina Cruce de Imbert II (Abastece Oficina)",19.755883,-70.832845
371,"ATM Ayuntamiento Jima, La Vega",19.131346,-70.373166
372,"ATM Oficina Sánchez II (Brig. Nagua) (Abastece Ofiicna)",19.228028,-69.612926
374,"ATM Ofic. Dual Blue Mall II (ATM DEPOSITOS)",18.47269058,-69.94106294
378,"ATM UNP Villa Flores San Juan (Abastece Oficina)",18.802981,-71.223882
379,"ATM S/M Nacional Plaza Central",18.464187,-69.935396
383,"ATM S/M Daniel Dajabón",19.550827,-71.70831
389,"ATM Hotel Casino Princess (Reserva Zona Metro)",18.460565,-69.940553
391,"ATM S/M Jumbo Luperón (Reserva Zona Metro)",18.463502,-69.967582
397,"ATM Autobanco San Francisco de Macoris (Brig. San Francisco)",19.297963,-70.258387
398,"ATM Ofic. Dual Blue Mall IV (ATM DEPOSITOS)",18.47269058,-69.94106296
405,"ATM UNP Loma de Cabrera (Abastece Oficina)",19.419521,-71.613062
406,"ATM UNP Plaza Lama Máximo Gómez (Reserva Zona Metro)",18.500041,-69.91487
412,"ATM Ofic. Dual Blue Mall V (ATM DEPOSITOS)",18.47269058,-69.94106297
422,"ATM Olé Manoguayabo (Reserva Zona Metro)",18.480281,-70.005193
424,"ATM UNP Jumbo Luperón I (Reserva Zona Metro)",18.463039,-69.967801
425,"ATM UNP Jumbo Luperón II (Reserva Zona Metro)",18.463046,-69.967769
433,"ATM Centro Comercial Las Canas Cap Cana (Reserva Zona Este)",18.511599,-68.396266
443,"ATM Edificio San Rafael (Reserva Zona Metro)",18.478236,-69.905819
444,"ATM Hospital Metropolitano de Santiago HOMS (Brig. Santiago)",19.435775,-70.660991
448,"ATM Club Banco Central (Reserva Zona Metro)",18.44188,-69.947006
453,"ATM Autobanco Sarasota II (Reserva Zona Metro)",18.451158,-69.947759
455,"ATM Oficina Baní II (Abastece Oficina)",18.279781,-70.330678
456,"ATM Ofic. Dual Blue Mall VI (ATM DEPOSITOS)",18.47269058,-69.94106298
459,"ATM Estacion Jima Bonao",19.023259,-70.446104
464,"ATM Supermercado Chito Samaná",,
466,"ATM Superintendencia de Valores (Reserva Zona Metro)",18.470505,-69.905339
470,"ATM Hospital Taiwán Azua (Abastece Oficina)",18.450129,-70.739072
471,"ATM Autoservicio DGT (Reserva Zona Metro (ATM DEPOSITOS 2 MODULO)",18.454589,-69.930181
472,"ATM Ayuntamiento Ramon Santana",18.542421,-69.17916702
473,"ATM Oficina Carrefour II (Reserva Zona Metro)",18.488202,-69.978115
474,"ATM Ofic. Dual Blue Mall VII (ATM DEPOSITOS)",18.47269058,-69.94106299
476,"ATM Multicentro La Sirena Las Caobas (Reserva Zona Metro)",18.483307,-69.996916
482,"ATM Centro de Caja Plaza Lama Santiago (Brig. Santiago)",19.456096,-70.701181
488,"ATM Aeropuerto El Higuero (Reserva Zona Metro)",18.5752964,-69.98155212
494,"ATM Autoservicio Oficina Blue Mall Depósitos (Reserva Zona Metro)(ATM DEPOSITOS 2 MODULOS)",18.472693,-69.941086
495,"ATM Cementos PANAM",18.502317,-69.551636
507,"ATM Estación SIGMA Boca Chica (Reserva Zona Metro)",18.454573,-69.606711
519,"ATM Plaza Estrella Bávaro (Reserva Zona Este)",18.687445,-68.444896
520,"ATM Cooperativa Navarrete COOPNAVA",19.56197,-70.87439
521,"ATM UNP Bayahibe La Romana (Reserva Zona Este)",18.368751,-68.838922
522,"ATM Oficina Galería 360 (Reservas Zona Metro)",18.484761,-69.936371
525,"ATM S/M Bravo Las Américas (Reserva Zona Metro)",18.46565,-69.811833
534,"ATM Oficina Torre II (Abastece Oficina)",18.467847,-69.938598
539,"ATM S/M La Cadena Los Próceres (Reserva Zona Metro)",18.49052,-69.96079
548,"ATM AMET (Reserva Zona Metro)",18.482417,-69.906126
552,"ATM Suprema Corte de Justicia (Reserva Zona Metro)",18.454536,-69.930151
554,"ATM Oficina Isabel La Católica I (Abastece Oficina)",18.475879,-69.883691
557,"ATM Multicentro La Sirena Ave. Mella (Reserva Zona Metro)",18.477315,-69.887728
572,"ATM Olé Ovando (Reserva Zona Metro)",18.499378,-69.919107
574,"ATM Club Obras Públicas (Reserva Zona Metro)",18.490008,-69.926923
577,"ATM Olé Ave. Duarte (Reserva Zona Metro)",18.48797035,-69.89537048
581,"ATM Estación Texaco Hato Del Yaque",,
585,"ATM UNP Haina Oriental (Reserva Zona Metro)",18.425041,-70.015445
586,"ATM Palacio de Justicia D.N. (Reserva Zona Metro)",18.467344,-69.893945
588,"ATM INAVI (Reserva Zona Metro)",18.462449,-69.90485
589,"ATM S/M Bravo San Vicente de Paul (Reserva Zona Metro)",18.503003,-69.855802
593,"ATM Ministerio Fuerzas Armadas II (Reserva Zona Metro)",18.448649,-69.973889
597,"ATM CTB II Santiago (Brig. Santiago)",19.668625,-71.501908
601,"ATM Plaza Haché Santiago (Brig. Santiago)",19.469067,-70.68682
602,"ATM Zona Franca Santiago I (Brig. Santiago)",19.47735596,-70.72541046
607,"ATM ONAPI (Reserva Zona Metro)",18.48737,-69.964523
609,"ATM S/M Jumbo San Pedro (Reserva Zona Este)",18.454415,-69.29759
614,"ATM S/M Bravo Pontezuela (Zona Norte)",19.45042,-70.653116
615,"ATM Estación Sunix Cabral Barahona (Reserva Zona Sur)",18.247512,-71.224471
616,"ATM 5ta. Brigada Barahona (Reserva Zona Sur)",18.21135521,-71.0973587
620,"ATM Ministerio de Medio Ambiente (Reserva Zona Metro)",18.4319,-69.985952
621,"ATM CESAC (Reserva Zona Metro)",18.415159,-69.672018
629,"ATM Oficina Americana Independencia I (Reserva Zona Metro)",18.437392,-69.954239
640,"ATM Ministerio Obras Públicas Transito Terrestre (Reserva Zona Metro)",18.489723,-69.927764
641,"ATM Farmacia Rimac (Reserva Zona Metro)",18.457836,-69.927936
647,"ATM CORAASAN (Brig. Santiago)",19.445753,-70.702392
649,"ATM Oficina Galería 56 (Abastece Oficina)",19.295945,-70.253965
653,"ATM Estación Isla Jarabacoa",19.148578,-70.607334
658,"ATM Cámara de Cuentas (Reserva Zona Metro)",18.483063,-69.893905
661,"ATM Almacenes Iberia San Pedro (Reserva Zona Este)",18.453177,-69.309953
662,"ATM UTESA Santiago (Brig. Santiago)",19.432692,-70.692584
664,"ATM S/M ASFER Constanza",18.908019,-70.74393
667,"ATM Zona Franca Emimar",19.424996,-70.623005
668,"ATM Hospital HEMMI Santiago (Brig. La Vega)",19.420907,-70.698847
669,"ATM Ofic. Plaza Downtown Center (Reserva Zona Metro)",19.450818,-69.952862
677,"ATM PBG Villa Jaragua (Reserva Zona Sur)",18.489748,-71.485468
682,"ATM Blue Mall Punta Cana (Reserva Zona Este)",18.55845,-68.383876
683,"ATM INCARNA (Brig. La Vega)",19.151545,-70.477295
687,"ATM Oficina Monterrico II (Abastece Oficina)",19.485562,-70.731968
689,"ATM Eco Petróleo Villa Gonzalez (Brig. Santiago)",19.546121,-70.790695
691,"ATM Eco Petroleo Manzanillo",19.693099,-71.741048
694,"ATM OPTIC 27 Febrero (Reserva Zona Metro)",18.455883,-69.953196
699,"ATM S/M Bravo Bani (Abastece Oficina)",18.279272,-70.324641
706,"ATM S/M  Pristine (Reserva Zona Metro)",18.533854,-69.811546
707,"ATM IAD (Reserva Zona Metro)",18.450565,-69.972625
710,"ATM S/M Soberano (Reserva Zona Metro)",18.54335022,-69.86019135
714,"ATM Hospital Marcelino Velez Herrera (Reserva Zona Metro)",18.473078,-69.971099
715,"ATM Oficina 27 de Febrero Lobby (Abastece Oficina)",18.470119,-69.922484
719,"ATM Ayuntamiento Municipal San Luís (Reserva Zona Metro)",18.540658,-69.796829
724,"ATM El Huacal I (Reserva Zona Metro)",18.474362,-69.906482
725,"ATM El Huacal II (Reserva Zona Metro)",18.474419,-69.906534
727,"ATM UNP Zona Franca Pisano (Brig. Santiago)",19.507212,-70.759363
733,"ATM Zona Franca Pedernales (Reserva Zona Sur)",18.031974,-71.736002
736,"ATM Oficina Puerto Plata I (Abastece Oficina)",19.796897,-70.69236
741,"ATM CURNE",19.286649,-70.243348
751,"ATM Estación ECO Petroleo Camilo Las Matas",18.874712,-71.527725
753,"ATM S/M Nacional Tiradentes (Reserva Zona Metro)",18.47231,-69.925193
754,"ATM Autobanco Oficina Licey al Medio",19.428915,-70.598133
758,"ATM CCN Nacional El Embrujo Santiago (Brig. Santiago)",19.451672,-70.664909
764,"ATM Oficina Elías Piña (Abastece Oficina)",18.876411,-71.702387
765,"ATM Oficina Azua I (Abastece Oficina)",18.453695,-70.737921
775,"ATM S/M Lilo Montecristi",19.84773,-71.647052
776,"ATM Oficina Monte Plata (Abastece Oficina)",18.810433,-69.784896
779,"ATM Zona Franca Esperanza I Mao",19.593765,-70.97901
780,"ATM Oficina Barahona I (Abastece Oficina)",18.207003,-71.095277
781,"ATM Estación Isla Barahona",18.195059,-71.087298
784,"ATM Tribunal Superior Electoral (Reserva Zona Metro)",18.447458,-69.925804
785,"ATM S/M Nacional Maximo Gomez (Reserva Zona Metro)",18.465041,-69.910403
786,"ATM Oficina Agora Mall II (Reserva Zona Metro)",18.483567,-69.939748
787,"ATM Cafetería CTB II (Reserva Zona Metro)",18.454308,-69.930292
790,"ATM Oficina Bella Vista Mall (Reserva Zona Metro)",18.453992,-69.941739
791,"ATM Oficina Sans Soucí (Abastece Oficina)",18.475252,-69.875497
792,"ATM Hospital Salvador de Gautier (Reserva Zona Metro)",18.492006,-69.9249
793,"ATM Autoservicio Centro Caja Agora Mall (Reserva Zona Metro) (ATM DEPOSITOS 2 MODULOS)",18.483655,-69.939812
795,"ATM UNP Guaymate La Romana (Reserva Zona Este)",18.584843,-68.981012
798,"ATM Hotel Grand Paradise Samaná",19.291882,-69.190062
803,"ATM Hotel Be Live Canoa Bayahibe I (Reserva Zona Este)",18.341435,-68.81686
805,"ATM Be Live Grand Marién (Brig. Puerto Plata) (ATM retirado por incendio en la localidad)",19.779465,-70.658741
807,"ATM S/M Morel Mao",19.55682,-71.071774
808,"ATM Oficina Castillo Brig. San Francisco (Abastece Oficina)",19.209669,-70.028836
809,"ATM Autoservicio UNP Yoma Cotuí  (ATM DEPOSITOS 2 MODULOS)",19.057936,-70.153693
811,"ATM Almacenes Unidos (Reserva Zona Metro)",18.455762,-69.937932
817,"ATM Ayuntamiento Sabana Larga San José de Ocoa (Abastece Ofiicina)",18.585306,-70.498712
823,"ATM UNP El Carril Haina (Reserva Zona Metro)",18.447986,-70.028228
824,"ATM Oficina Multiplaza Higuey (Reserva Zona Este)",18.601754,-68.716544
826,"ATM Oficina Diamond Plaza II (Reserva Zona Metro)",18.48742,-69.942032
832,"ATM Hospital Traumatológico Y Quirurgico Pof. Juan Bosh La Vega",19.141565,-70.467143
833,"ATM Cafetería CTB I (Reserva Zona Metro)",18.454326,-69.930277
834,"ATM Centro Médico Moderno (Reserva Zona Metro)",18.475987,-69.957622
839,"ATM INAPA (Reserva Zona Metro)",18.46003,-69.955738
840,"ATM PUCMM Santiago (Brig. Santiago)",19.443732,-70.683013
845,"ATM CERTV Canal 4 (Reserva Zona Metro)",18.4809,-69.90246
865,"ATM Club Naco (Reserva Zona Metro)",18.480393,-69.925575
866,"ATM CARDNET (Reserva Zona Metro)",18.474115,-69.927845
869,"ATM Estación Isla La Cueva Cotuí",19.03509,-70.027621
870,"ATM Willbes Dominicana Barahona (Reserva Zona Sur)",18.224256,-71.099545
872,"ATM Zona Franca Pisano II Santiago",19.50426,-70.760174
873,"ATM Centro de Caja San Cristóbal II (Reserva Zona Metro)",18.416932,-70.111422
876,"ATM Estación Next Abraham Lincoln (Reserva Zona Metro)",18.471579,-69.933838
877,"ATM Estación Los Samanes Ranchito (Brig. San Francisco)",19.181076,-70.381189
880,"ATM Autoservicio Oficina Barahona II (Abastece Oficina) (ATM DEPOSITOS 2 MODULOS)",18.206999,-71.095229
881,"ATM UNP Yaguate San Cristóbal (Abastece Oficina)",18.336143,-70.18189
889,"ATM UNP Plaza Lama Máximo Gomez II (Reserva Zona Metro)",19.479539,-71.625366
890,"ATM Escuela Penitenciaria San Cristóbal (Reserva Zona Metro)",18.404294,-70.120129
894,"ATM Eco Petróleo Estero Hondo",19.823796,-71.165222
895,"ATM S/M Bravo Santiago (Brig. Santiago)",19.453231,-70.685978
902,"ATM Oficina Plaza Florida (Reserva Zona Metro)",18.464039,-69.925008
904,"ATM Multicentro La Sirena Churchill (Reserva Zona Metro)",18.473731,-69.942753
906,"ATM MESCYT (Reserva Zona Metro)",18.472564,-69.912216
914,"ATM Clínica Abreu (Reserva Zona Metro)",18.468135,-69.890767
915,"ATM Multicentro La Sirena Aut. Duarte (Reserva Zona Metro)",18.506456,-70.002228
917,"ATM Oficina Los Mina (Abastece Oficina)",18.505918,-69.865898
918,"ATM S/M Liverpool Jacobo Majluta (Reserva Zona Metro)",18.54669,-69.916312
925,"ATM UNP Plaza Lama Av. 27 de Febrero (Reserva Zona Metro)",18.46189,-69.936143
926,"ATM S/M Juan Cepin Moca (Brig. La Vega)",19.38778496,-70.53101349
927,"ATM S/M Bravo La Esperilla (Reserva Zona Metro)",18.467519,-69.924601
930,"ATM Oficina Plaza Spring Center (Abastece Oficina)",18.49738,-69.940303
931,"ATM Autobanco Luperón I (Reserva Zona Metro)",18.4346027,-69.98423779
932,"ATM Banco Agrícola Santo Domingo (Reserva Zona Metro)",18.46294785,-69.90872192
935,"ATM Oficina John F. Kennedy (Reserva Zona Metro)",18.480068,-69.964097
939,"ATM Estación Texaco Máximo Gómez (Reserva Zona Metro)",18.470097,-69.912102
943,"ATM Oficina Tránsito Terrestre (Reserva Zona Metro)",18.489828,-69.929053
948,"ATM Autobanco El Jaya II",19.287037,-70.269683
949,"ATM S/M Bravo San Isidro Coral Mall (Reserva Zona Metro)",18.486681,-69.831951
951,"ATM Oficina Plaza Haché JFK (Reserva Zona Metro)",18.482284,-69.924626
953,"ATM Estafeta Dirección General de Pasaportes/Migración (Reserva Zona Metro)",18.444652,-69.926623
966,"ATM Centro Medico Real (Reserva Zona Metro)",18.447799,-69.964473
970,"ATM S/M Olé Haina (Reserva Zona Metro)",18.43109,-70.025128
971,"ATM Club Banreservas I (Reservas Zona Metro)",18.436252,-69.985567
974,"ATM S/M Nacional Ave. Lope de Vega (Reserva Zona Metro)",18.475995,-69.93151
976,"ATM Oficina Diamond Plaza I (Reserva Zona Metro)",18.4874,-69.94203
980,"ATM Autoservicio Bella Vista Mall (Reserva Zona Metro) (ATM DEPOSITOS 2 MODULOS) (SUSTITUCION)",18.45395,-69.94173
981,"ATM Edificio 911 (Reserva Zona Metro)",18.459639,-69.926683
984,"ATM Oficina Neiba II (Abastece Oficina)",18.479214,-71.418009
989,"ATM Ministerio de Deportes (Reserva Zona Metro)",18.475459,-69.917248
992,"ATM Hotel Margaritaville I","18.478656631675168","-68.40349809922576"
995,"ATM Oficina San Cristóbal III Lobby (Reserva Zona Metro)",18.416882,-70.111422
996,"ATM Hotel Margaritaville II","18.478656631675168","-68.40349809922576"